bom_line_id,ingredient_id,menu_item_id,qty_required,unit_of_measure,date_created,date_updated,
2000110,10,20001,150,g,01/01/2026,01/01/2026,"[2000110, 10, 20001, 150, 'g', 'admin', 'admin', '2026-01-01 00:00:00', '2026-01-01 00:00:00'],"
2000119,19,20001,1,pcs,01/01/2026,01/01/2026,"[2000119, 19, 20001, 1, 'pcs', 'admin', 'admin', '2026-01-01 00:00:00', '2026-01-01 00:00:00'],"
2000125,25,20001,1,pcs,01/01/2026,01/01/2026,"[2000125, 25, 20001, 1, 'pcs', 'admin', 'admin', '2026-01-01 00:00:00', '2026-01-01 00:00:00'],"
2000152,52,20001,20,g,01/01/2026,01/01/2026,"[2000152, 52, 20001, 20, 'g', 'admin', 'admin', '2026-01-01 00:00:00', '2026-01-01 00:00:00'],"
2000228,28,20002,150,g,01/01/2026,01/01/2026,"[2000228, 28, 20002, 150, 'g', 'admin', 'admin', '2026-01-01 00:00:00', '2026-01-01 00:00:00'],"
2000219,19,20002,1,pcs,01/01/2026,01/01/2026,"[2000219, 19, 20002, 1, 'pcs', 'admin', 'admin', '2026-01-01 00:00:00', '2026-01-01 00:00:00'],"
2000255,55,20002,20,g,01/01/2026,01/01/2026,"[2000255, 55, 20002, 20, 'g', 'admin', 'admin', '2026-01-01 00:00:00', '2026-01-01 00:00:00'],"
2000252,52,20002,15,g,01/01/2026,01/01/2026,"[2000252, 52, 20002, 15, 'g', 'admin', 'admin', '2026-01-01 00:00:00', '2026-01-01 00:00:00'],"
2000310,10,20003,150,g,01/01/2026,01/01/2026,"[2000310, 10, 20003, 150, 'g', 'admin', 'admin', '2026-01-01 00:00:00', '2026-01-01 00:00:00'],"
2000319,19,20003,1,pcs,01/01/2026,01/01/2026,"[2000319, 19, 20003, 1, 'pcs', 'admin', 'admin', '2026-01-01 00:00:00', '2026-01-01 00:00:00'],"
200034,4,20003,25,g,01/01/2026,01/01/2026,"[200034, 4, 20003, 25, 'g', 'admin', 'admin', '2026-01-01 00:00:00', '2026-01-01 00:00:00'],"
2000325,25,20003,1,pcs,01/01/2026,01/01/2026,"[2000325, 25, 20003, 1, 'pcs', 'admin', 'admin', '2026-01-01 00:00:00', '2026-01-01 00:00:00'],"
2000410,10,20004,300,g,01/01/2026,01/01/2026,"[2000410, 10, 20004, 300, 'g', 'admin', 'admin', '2026-01-01 00:00:00', '2026-01-01 00:00:00'],"
2000419,19,20004,1,pcs,01/01/2026,01/01/2026,"[2000419, 19, 20004, 1, 'pcs', 'admin', 'admin', '2026-01-01 00:00:00', '2026-01-01 00:00:00'],"
2000425,25,20004,2,pcs,01/01/2026,01/01/2026,"[2000425, 25, 20004, 2, 'pcs', 'admin', 'admin', '2026-01-01 00:00:00', '2026-01-01 00:00:00'],"
2000452,52,20004,20,g,01/01/2026,01/01/2026,"[2000452, 52, 20004, 20, 'g', 'admin', 'admin', '2026-01-01 00:00:00', '2026-01-01 00:00:00'],"
2000510,10,20005,150,g,01/01/2026,01/01/2026,"[2000510, 10, 20005, 150, 'g', 'admin', 'admin', '2026-01-01 00:00:00', '2026-01-01 00:00:00'],"
200055,5,20005,2,pcs,01/01/2026,01/01/2026,"[200055, 5, 20005, 2, 'pcs', 'admin', 'admin', '2026-01-01 00:00:00', '2026-01-01 00:00:00'],"
2000519,19,20005,1,pcs,01/01/2026,01/01/2026,"[2000519, 19, 20005, 1, 'pcs', 'admin', 'admin', '2026-01-01 00:00:00', '2026-01-01 00:00:00'],"
2000525,25,20005,1,pcs,01/01/2026,01/01/2026,"[2000525, 25, 20005, 1, 'pcs', 'admin', 'admin', '2026-01-01 00:00:00', '2026-01-01 00:00:00'],"
2000645,45,20006,150,g,01/01/2026,01/01/2026,"[2000645, 45, 20006, 150, 'g', 'admin', 'admin', '2026-01-01 00:00:00', '2026-01-01 00:00:00'],"
2000624,24,20006,40,g,01/01/2026,01/01/2026,"[2000624, 24, 20006, 40, 'g', 'admin', 'admin', '2026-01-01 00:00:00', '2026-01-01 00:00:00'],"
2000750,50,20007,1,pcs,01/01/2026,01/01/2026,"[2000750, 50, 20007, 1, 'pcs', 'admin', 'admin', '2026-01-01 00:00:00', '2026-01-01 00:00:00'],"
2000718,18,20007,1,pcs,01/01/2026,01/01/2026,"[2000718, 18, 20007, 1, 'pcs', 'admin', 'admin', '2026-01-01 00:00:00', '2026-01-01 00:00:00'],"
2000761,61,20007,15,g,01/01/2026,01/01/2026,"[2000761, 61, 20007, 15, 'g', 'admin', 'admin', '2026-01-01 00:00:00', '2026-01-01 00:00:00'],"
2000827,27,20008,150,g,01/01/2026,01/01/2026,"[2000827, 27, 20008, 150, 'g', 'admin', 'admin', '2026-01-01 00:00:00', '2026-01-01 00:00:00'],"
2000818,18,20008,1,pcs,01/01/2026,01/01/2026,"[2000818, 18, 20008, 1, 'pcs', 'admin', 'admin', '2026-01-01 00:00:00', '2026-01-01 00:00:00'],"
2000852,52,20008,20,g,01/01/2026,01/01/2026,"[2000852, 52, 20008, 20, 'g', 'admin', 'admin', '2026-01-01 00:00:00', '2026-01-01 00:00:00'],"
2000855,55,20008,20,g,01/01/2026,01/01/2026,"[2000855, 55, 20008, 20, 'g', 'admin', 'admin', '2026-01-01 00:00:00', '2026-01-01 00:00:00'],"
2000998,98,20009,100,g,01/01/2026,01/01/2026,"[2000998, 98, 20009, 100, 'g', 'admin', 'admin', '2026-01-01 00:00:00', '2026-01-01 00:00:00'],"
2000914,14,20009,2,slices,01/01/2026,01/01/2026,"[2000914, 14, 20009, 2, 'slices', 'admin', 'admin', '2026-01-01 00:00:00', '2026-01-01 00:00:00'],"
2000955,55,20009,20,g,01/01/2026,01/01/2026,"[2000955, 55, 20009, 20, 'g', 'admin', 'admin', '2026-01-01 00:00:00', '2026-01-01 00:00:00'],"
2001014,14,20010,3,slices,01/01/2026,01/01/2026,"[2001014, 14, 20010, 3, 'slices', 'admin', 'admin', '2026-01-01 00:00:00', '2026-01-01 00:00:00'],"
2001026,26,20010,100,g,01/01/2026,01/01/2026,"[2001026, 26, 20010, 100, 'g', 'admin', 'admin', '2026-01-01 00:00:00', '2026-01-01 00:00:00'],"
200105,5,20010,2,pcs,01/01/2026,01/01/2026,"[200105, 5, 20010, 2, 'pcs', 'admin', 'admin', '2026-01-01 00:00:00', '2026-01-01 00:00:00'],"
2001052,52,20010,20,g,01/01/2026,01/01/2026,"[2001052, 52, 20010, 20, 'g', 'admin', 'admin', '2026-01-01 00:00:00', '2026-01-01 00:00:00'],"
2001126,26,20011,200,g,01/01/2026,01/01/2026,"[2001126, 26, 20011, 200, 'g', 'admin', 'admin', '2026-01-01 00:00:00', '2026-01-01 00:00:00'],"
2001187,87,20011,30,ml,01/01/2026,01/01/2026,"[2001187, 87, 20011, 30, 'ml', 'admin', 'admin', '2026-01-01 00:00:00', '2026-01-01 00:00:00'],"
20011102,102,20011,20,ml,01/01/2026,01/01/2026,"[20011102, 102, 20011, 20, 'ml', 'admin', 'admin', '2026-01-01 00:00:00', '2026-01-01 00:00:00'],"
2001274,74,20012,200,g,01/01/2026,01/01/2026,"[2001274, 74, 20012, 200, 'g', 'admin', 'admin', '2026-01-01 00:00:00', '2026-01-01 00:00:00'],"
2001293,93,20012,30,g,01/01/2026,01/01/2026,"[2001293, 93, 20012, 30, 'g', 'admin', 'admin', '2026-01-01 00:00:00', '2026-01-01 00:00:00'],"
20012101,101,20012,100,g,01/01/2026,01/01/2026,"[20012101, 101, 20012, 100, 'g', 'admin', 'admin', '2026-01-01 00:00:00', '2026-01-01 00:00:00'],"
200139,9,20013,200,g,01/01/2026,01/01/2026,"[200139, 9, 20013, 200, 'g', 'admin', 'admin', '2026-01-01 00:00:00', '2026-01-01 00:00:00'],"
2001387,87,20013,25,ml,01/01/2026,01/01/2026,"[2001387, 87, 20013, 25, 'ml', 'admin', 'admin', '2026-01-01 00:00:00', '2026-01-01 00:00:00'],"
2001346,46,20013,10,g,01/01/2026,01/01/2026,"[2001346, 46, 20013, 10, 'g', 'admin', 'admin', '2026-01-01 00:00:00', '2026-01-01 00:00:00'],"
2001475,75,20014,250,g,01/01/2026,01/01/2026,"[2001475, 75, 20014, 250, 'g', 'admin', 'admin', '2026-01-01 00:00:00', '2026-01-01 00:00:00'],"
2001464,64,20014,100,ml,01/01/2026,01/01/2026,"[2001464, 64, 20014, 100, 'ml', 'admin', 'admin', '2026-01-01 00:00:00', '2026-01-01 00:00:00'],"
2001480,80,20014,5,g,01/01/2026,01/01/2026,"[2001480, 80, 20014, 5, 'g', 'admin', 'admin', '2026-01-01 00:00:00', '2026-01-01 00:00:00'],"
2001526,26,20015,200,g,01/01/2026,01/01/2026,"[2001526, 26, 20015, 200, 'g', 'admin', 'admin', '2026-01-01 00:00:00', '2026-01-01 00:00:00'],"
20015102,102,20015,20,ml,01/01/2026,01/01/2026,"[20015102, 102, 20015, 20, 'ml', 'admin', 'admin', '2026-01-01 00:00:00', '2026-01-01 00:00:00'],"
200151,1,20015,20,ml,01/01/2026,01/01/2026,"[200151, 1, 20015, 20, 'ml', 'admin', 'admin', '2026-01-01 00:00:00', '2026-01-01 00:00:00'],"
2001662,62,20016,150,g,01/01/2026,01/01/2026,"[2001662, 62, 20016, 150, 'g', 'admin', 'admin', '2026-01-01 00:00:00', '2026-01-01 00:00:00'],"
20016101,101,20016,100,g,01/01/2026,01/01/2026,"[20016101, 101, 20016, 100, 'g', 'admin', 'admin', '2026-01-01 00:00:00', '2026-01-01 00:00:00'],"
2001687,87,20016,20,ml,01/01/2026,01/01/2026,"[2001687, 87, 20016, 20, 'ml', 'admin', 'admin', '2026-01-01 00:00:00', '2026-01-01 00:00:00'],"
2001785,85,20017,150,g,01/01/2026,01/01/2026,"[2001785, 85, 20017, 150, 'g', 'admin', 'admin', '2026-01-01 00:00:00', '2026-01-01 00:00:00'],"
2001792,92,20017,30,g,01/01/2026,01/01/2026,"[2001792, 92, 20017, 30, 'g', 'admin', 'admin', '2026-01-01 00:00:00', '2026-01-01 00:00:00'],"
20017101,101,20017,100,g,01/01/2026,01/01/2026,"[20017101, 101, 20017, 100, 'g', 'admin', 'admin', '2026-01-01 00:00:00', '2026-01-01 00:00:00'],"
200187,7,20018,250,g,01/01/2026,01/01/2026,"[200187, 7, 20018, 250, 'g', 'admin', 'admin', '2026-01-01 00:00:00', '2026-01-01 00:00:00'],"
20018102,102,20018,20,ml,01/01/2026,01/01/2026,"[20018102, 102, 20018, 20, 'ml', 'admin', 'admin', '2026-01-01 00:00:00', '2026-01-01 00:00:00'],"
2001846,46,20018,10,g,01/01/2026,01/01/2026,"[2001846, 46, 20018, 10, 'g', 'admin', 'admin', '2026-01-01 00:00:00', '2026-01-01 00:00:00'],"
200199,9,20019,200,g,01/01/2026,01/01/2026,"[200199, 9, 20019, 200, 'g', 'admin', 'admin', '2026-01-01 00:00:00', '2026-01-01 00:00:00'],"
2001970,70,20019,50,g,01/01/2026,01/01/2026,"[2001970, 70, 20019, 50, 'g', 'admin', 'admin', '2026-01-01 00:00:00', '2026-01-01 00:00:00'],"
20019101,101,20019,100,g,01/01/2026,01/01/2026,"[20019101, 101, 20019, 100, 'g', 'admin', 'admin', '2026-01-01 00:00:00', '2026-01-01 00:00:00'],"
200209,9,20020,200,g,01/01/2026,01/01/2026,"[200209, 9, 20020, 200, 'g', 'admin', 'admin', '2026-01-01 00:00:00', '2026-01-01 00:00:00'],"
2002087,87,20020,30,ml,01/01/2026,01/01/2026,"[2002087, 87, 20020, 30, 'ml', 'admin', 'admin', '2026-01-01 00:00:00', '2026-01-01 00:00:00'],"
2002065,65,20020,50,g,01/01/2026,01/01/2026,"[2002065, 65, 20020, 50, 'g', 'admin', 'admin', '2026-01-01 00:00:00', '2026-01-01 00:00:00'],"
2002168,68,20021,150,g,01/01/2026,01/01/2026,"[2002168, 68, 20021, 150, 'g', 'admin', 'admin', '2026-01-01 00:00:00', '2026-01-01 00:00:00'],"
2002136,36,20021,50,ml,01/01/2026,01/01/2026,"[2002136, 36, 20021, 50, 'ml', 'admin', 'admin', '2026-01-01 00:00:00', '2026-01-01 00:00:00'],"
200215,5,20021,50,g,01/01/2026,01/01/2026,"[200215, 5, 20021, 50, 'g', 'admin', 'admin', '2026-01-01 00:00:00', '2026-01-01 00:00:00'],"
2002268,68,20022,150,g,01/01/2026,01/01/2026,"[2002268, 68, 20022, 150, 'g', 'admin', 'admin', '2026-01-01 00:00:00', '2026-01-01 00:00:00'],"
2002256,56,20022,100,g,01/01/2026,01/01/2026,"[2002256, 56, 20022, 100, 'g', 'admin', 'admin', '2026-01-01 00:00:00', '2026-01-01 00:00:00'],"
2002223,23,20022,30,g,01/01/2026,01/01/2026,"[2002223, 23, 20022, 30, 'g', 'admin', 'admin', '2026-01-01 00:00:00', '2026-01-01 00:00:00'],"
2002368,68,20023,150,g,01/01/2026,01/01/2026,"[2002368, 68, 20023, 150, 'g', 'admin', 'admin', '2026-01-01 00:00:00', '2026-01-01 00:00:00'],"
2002336,36,20023,60,ml,01/01/2026,01/01/2026,"[2002336, 36, 20023, 60, 'ml', 'admin', 'admin', '2026-01-01 00:00:00', '2026-01-01 00:00:00'],"
2002326,26,20023,100,g,01/01/2026,01/01/2026,"[2002326, 26, 20023, 100, 'g', 'admin', 'admin', '2026-01-01 00:00:00', '2026-01-01 00:00:00'],"
2002468,68,20024,150,g,01/01/2026,01/01/2026,"[2002468, 68, 20024, 150, 'g', 'admin', 'admin', '2026-01-01 00:00:00', '2026-01-01 00:00:00'],"
2002473,73,20024,50,g,01/01/2026,01/01/2026,"[2002473, 73, 20024, 50, 'g', 'admin', 'admin', '2026-01-01 00:00:00', '2026-01-01 00:00:00'],"
2002467,67,20024,30,g,01/01/2026,01/01/2026,"[2002467, 67, 20024, 30, 'g', 'admin', 'admin', '2026-01-01 00:00:00', '2026-01-01 00:00:00'],"
2002569,69,20025,100,g,01/01/2026,01/01/2026,"[2002569, 69, 20025, 100, 'g', 'admin', 'admin', '2026-01-01 00:00:00', '2026-01-01 00:00:00'],"
2002556,56,20025,100,g,01/01/2026,01/01/2026,"[2002556, 56, 20025, 100, 'g', 'admin', 'admin', '2026-01-01 00:00:00', '2026-01-01 00:00:00'],"
2002523,23,20025,50,g,01/01/2026,01/01/2026,"[2002523, 23, 20025, 50, 'g', 'admin', 'admin', '2026-01-01 00:00:00', '2026-01-01 00:00:00'],"
2002668,68,20026,150,g,01/01/2026,01/01/2026,"[2002668, 68, 20026, 150, 'g', 'admin', 'admin', '2026-01-01 00:00:00', '2026-01-01 00:00:00'],"
2002623,23,20026,80,g,01/01/2026,01/01/2026,"[2002623, 23, 20026, 80, 'g', 'admin', 'admin', '2026-01-01 00:00:00', '2026-01-01 00:00:00'],"
2002771,71,20027,150,g,01/01/2026,01/01/2026,"[2002771, 71, 20027, 150, 'g', 'admin', 'admin', '2026-01-01 00:00:00', '2026-01-01 00:00:00'],"
2002796,96,20027,80,g,01/01/2026,01/01/2026,"[2002796, 96, 20027, 80, 'g', 'admin', 'admin', '2026-01-01 00:00:00', '2026-01-01 00:00:00'],"
2002730,30,20027,5,g,01/01/2026,01/01/2026,"[2002730, 30, 20027, 5, 'g', 'admin', 'admin', '2026-01-01 00:00:00', '2026-01-01 00:00:00'],"
2002868,68,20028,150,g,01/01/2026,01/01/2026,"[2002868, 68, 20028, 150, 'g', 'admin', 'admin', '2026-01-01 00:00:00', '2026-01-01 00:00:00'],"
2002836,36,20028,60,ml,01/01/2026,01/01/2026,"[2002836, 36, 20028, 60, 'ml', 'admin', 'admin', '2026-01-01 00:00:00', '2026-01-01 00:00:00'],"
2002820,20,20028,20,g,01/01/2026,01/01/2026,"[2002820, 20, 20028, 20, 'g', 'admin', 'admin', '2026-01-01 00:00:00', '2026-01-01 00:00:00'],"
2002968,68,20029,150,g,01/01/2026,01/01/2026,"[2002968, 68, 20029, 150, 'g', 'admin', 'admin', '2026-01-01 00:00:00', '2026-01-01 00:00:00'],"
2002983,83,20029,120,g,01/01/2026,01/01/2026,"[2002983, 83, 20029, 120, 'g', 'admin', 'admin', '2026-01-01 00:00:00', '2026-01-01 00:00:00'],"
2002936,36,20029,50,ml,01/01/2026,01/01/2026,"[2002936, 36, 20029, 50, 'ml', 'admin', 'admin', '2026-01-01 00:00:00', '2026-01-01 00:00:00'],"
2003068,68,20030,150,g,01/01/2026,01/01/2026,"[2003068, 68, 20030, 150, 'g', 'admin', 'admin', '2026-01-01 00:00:00', '2026-01-01 00:00:00'],"
2003023,23,20030,50,g,01/01/2026,01/01/2026,"[2003023, 23, 20030, 50, 'g', 'admin', 'admin', '2026-01-01 00:00:00', '2026-01-01 00:00:00'],"
2003096,96,20030,80,g,01/01/2026,01/01/2026,"[2003096, 96, 20030, 80, 'g', 'admin', 'admin', '2026-01-01 00:00:00', '2026-01-01 00:00:00'],"
2003179,79,20031,150,g,01/01/2026,01/01/2026,"[2003179, 79, 20031, 150, 'g', 'admin', 'admin', '2026-01-01 00:00:00', '2026-01-01 00:00:00'],"
2003163,63,20031,1,pcs,01/01/2026,01/01/2026,"[2003163, 63, 20031, 1, 'pcs', 'admin', 'admin', '2026-01-01 00:00:00', '2026-01-01 00:00:00'],"
2003142,42,20031,50,g,01/01/2026,01/01/2026,"[2003142, 42, 20031, 50, 'g', 'admin', 'admin', '2026-01-01 00:00:00', '2026-01-01 00:00:00'],"
2003244,44,20032,120,g,01/01/2026,01/01/2026,"[2003244, 44, 20032, 120, 'g', 'admin', 'admin', '2026-01-01 00:00:00', '2026-01-01 00:00:00'],"
2003287,87,20032,20,ml,01/01/2026,01/01/2026,"[2003287, 87, 20032, 20, 'ml', 'admin', 'admin', '2026-01-01 00:00:00', '2026-01-01 00:00:00'],"
2003362,62,20033,150,g,01/01/2026,01/01/2026,"[2003362, 62, 20033, 150, 'g', 'admin', 'admin', '2026-01-01 00:00:00', '2026-01-01 00:00:00'],"
2003316,16,20033,200,ml,01/01/2026,01/01/2026,"[2003316, 16, 20033, 200, 'ml', 'admin', 'admin', '2026-01-01 00:00:00', '2026-01-01 00:00:00'],"
2003340,40,20033,1,pcs,01/01/2026,01/01/2026,"[2003340, 40, 20033, 1, 'pcs', 'admin', 'admin', '2026-01-01 00:00:00', '2026-01-01 00:00:00'],"
2003476,76,20034,250,ml,01/01/2026,01/01/2026,"[2003476, 76, 20034, 250, 'ml', 'admin', 'admin', '2026-01-01 00:00:00', '2026-01-01 00:00:00'],"
2003462,62,20034,150,g,01/01/2026,01/01/2026,"[2003462, 62, 20034, 150, 'g', 'admin', 'admin', '2026-01-01 00:00:00', '2026-01-01 00:00:00'],"
2003474,74,20034,100,g,01/01/2026,01/01/2026,"[2003474, 74, 20034, 100, 'g', 'admin', 'admin', '2026-01-01 00:00:00', '2026-01-01 00:00:00'],"
2003526,26,20035,200,g,01/01/2026,01/01/2026,"[2003526, 26, 20035, 200, 'g', 'admin', 'admin', '2026-01-01 00:00:00', '2026-01-01 00:00:00'],"
2003594,94,20035,50,ml,01/01/2026,01/01/2026,"[2003594, 94, 20035, 50, 'ml', 'admin', 'admin', '2026-01-01 00:00:00', '2026-01-01 00:00:00'],"
2003685,85,20036,150,g,01/01/2026,01/01/2026,"[2003685, 85, 20036, 150, 'g', 'admin', 'admin', '2026-01-01 00:00:00', '2026-01-01 00:00:00'],"
200368,8,20036,50,g,01/01/2026,01/01/2026,"[200368, 8, 20036, 50, 'g', 'admin', 'admin', '2026-01-01 00:00:00', '2026-01-01 00:00:00'],"
2003664,64,20036,100,ml,01/01/2026,01/01/2026,"[2003664, 64, 20036, 100, 'ml', 'admin', 'admin', '2026-01-01 00:00:00', '2026-01-01 00:00:00'],"
2003739,39,20037,1,pcs,01/01/2026,01/01/2026,"[2003739, 39, 20037, 1, 'pcs', 'admin', 'admin', '2026-01-01 00:00:00', '2026-01-01 00:00:00'],"
2003777,77,20037,100,g,01/01/2026,01/01/2026,"[2003777, 77, 20037, 100, 'g', 'admin', 'admin', '2026-01-01 00:00:00', '2026-01-01 00:00:00'],"
2003862,62,20038,150,g,01/01/2026,01/01/2026,"[2003862, 62, 20038, 150, 'g', 'admin', 'admin', '2026-01-01 00:00:00', '2026-01-01 00:00:00'],"
2003816,16,20038,200,ml,01/01/2026,01/01/2026,"[2003816, 16, 20038, 200, 'ml', 'admin', 'admin', '2026-01-01 00:00:00', '2026-01-01 00:00:00'],"
2003958,58,20039,20,g,01/01/2026,01/01/2026,"[2003958, 58, 20039, 20, 'g', 'admin', 'admin', '2026-01-01 00:00:00', '2026-01-01 00:00:00'],"
2003995,95,20039,50,g,01/01/2026,01/01/2026,"[2003995, 95, 20039, 50, 'g', 'admin', 'admin', '2026-01-01 00:00:00', '2026-01-01 00:00:00'],"
2004054,54,20040,20,g,01/01/2026,01/01/2026,"[2004054, 54, 20040, 20, 'g', 'admin', 'admin', '2026-01-01 00:00:00', '2026-01-01 00:00:00'],"
2004057,57,20040,100,ml,01/01/2026,01/01/2026,"[2004057, 57, 20040, 100, 'ml', 'admin', 'admin', '2026-01-01 00:00:00', '2026-01-01 00:00:00'],"
2004143,43,20041,100,g,01/01/2026,01/01/2026,"[2004143, 43, 20041, 100, 'g', 'admin', 'admin', '2026-01-01 00:00:00', '2026-01-01 00:00:00'],"
2004134,34,20041,50,g,01/01/2026,01/01/2026,"[2004134, 34, 20041, 50, 'g', 'admin', 'admin', '2026-01-01 00:00:00', '2026-01-01 00:00:00'],"
2004190,90,20041,80,g,01/01/2026,01/01/2026,"[2004190, 90, 20041, 80, 'g', 'admin', 'admin', '2026-01-01 00:00:00', '2026-01-01 00:00:00'],"
2004237,37,20042,120,g,01/01/2026,01/01/2026,"[2004237, 37, 20042, 120, 'g', 'admin', 'admin', '2026-01-01 00:00:00', '2026-01-01 00:00:00'],"
2004290,90,20042,50,g,01/01/2026,01/01/2026,"[2004290, 90, 20042, 50, 'g', 'admin', 'admin', '2026-01-01 00:00:00', '2026-01-01 00:00:00'],"
2004248,48,20042,80,g,01/01/2026,01/01/2026,"[2004248, 48, 20042, 80, 'g', 'admin', 'admin', '2026-01-01 00:00:00', '2026-01-01 00:00:00'],"
2004333,33,20043,20,g,01/01/2026,01/01/2026,"[2004333, 33, 20043, 20, 'g', 'admin', 'admin', '2026-01-01 00:00:00', '2026-01-01 00:00:00'],"
2004343,43,20043,80,g,01/01/2026,01/01/2026,"[2004343, 43, 20043, 80, 'g', 'admin', 'admin', '2026-01-01 00:00:00', '2026-01-01 00:00:00'],"
2004443,43,20044,80,g,01/01/2026,01/01/2026,"[2004443, 43, 20044, 80, 'g', 'admin', 'admin', '2026-01-01 00:00:00', '2026-01-01 00:00:00'],"
2004490,90,20044,50,g,01/01/2026,01/01/2026,"[2004490, 90, 20044, 50, 'g', 'admin', 'admin', '2026-01-01 00:00:00', '2026-01-01 00:00:00'],"
2004440,40,20044,1,pcs,01/01/2026,01/01/2026,"[2004440, 40, 20044, 1, 'pcs', 'admin', 'admin', '2026-01-01 00:00:00', '2026-01-01 00:00:00'],"
2004543,43,20045,100,g,01/01/2026,01/01/2026,"[2004543, 43, 20045, 100, 'g', 'admin', 'admin', '2026-01-01 00:00:00', '2026-01-01 00:00:00'],"
2004534,34,20045,30,g,01/01/2026,01/01/2026,"[2004534, 34, 20045, 30, 'g', 'admin', 'admin', '2026-01-01 00:00:00', '2026-01-01 00:00:00'],"
2004537,37,20045,100,g,01/01/2026,01/01/2026,"[2004537, 37, 20045, 100, 'g', 'admin', 'admin', '2026-01-01 00:00:00', '2026-01-01 00:00:00'],"
2004651,51,20046,150,g,01/01/2026,01/01/2026,"[2004651, 51, 20046, 150, 'g', 'admin', 'admin', '2026-01-01 00:00:00', '2026-01-01 00:00:00'],"
2004691,91,20046,30,ml,01/01/2026,01/01/2026,"[2004691, 91, 20046, 30, 'ml', 'admin', 'admin', '2026-01-01 00:00:00', '2026-01-01 00:00:00'],"
200472,2,20047,150,g,01/01/2026,01/01/2026,"[200472, 2, 20047, 150, 'g', 'admin', 'admin', '2026-01-01 00:00:00', '2026-01-01 00:00:00'],"
2004738,38,20047,100,g,01/01/2026,01/01/2026,"[2004738, 38, 20047, 100, 'g', 'admin', 'admin', '2026-01-01 00:00:00', '2026-01-01 00:00:00'],"
200486,6,20048,1,pcs,01/01/2026,01/01/2026,"[200486, 6, 20048, 1, 'pcs', 'admin', 'admin', '2026-01-01 00:00:00', '2026-01-01 00:00:00'],"
2004851,51,20048,150,g,01/01/2026,01/01/2026,"[2004851, 51, 20048, 150, 'g', 'admin', 'admin', '2026-01-01 00:00:00', '2026-01-01 00:00:00'],"
2004943,43,20049,80,g,01/01/2026,01/01/2026,"[2004943, 43, 20049, 80, 'g', 'admin', 'admin', '2026-01-01 00:00:00', '2026-01-01 00:00:00'],"
2004990,90,20049,40,g,01/01/2026,01/01/2026,"[2004990, 90, 20049, 40, 'g', 'admin', 'admin', '2026-01-01 00:00:00', '2026-01-01 00:00:00'],"
2005043,43,20050,100,g,01/01/2026,01/01/2026,"[2005043, 43, 20050, 100, 'g', 'admin', 'admin', '2026-01-01 00:00:00', '2026-01-01 00:00:00'],"
2005040,40,20050,1,pcs,01/01/2026,01/01/2026,"[2005040, 40, 20050, 1, 'pcs', 'admin', 'admin', '2026-01-01 00:00:00', '2026-01-01 00:00:00'],"
2005057,57,20050,100,ml,01/01/2026,01/01/2026,"[2005057, 57, 20050, 100, 'ml', 'admin', 'admin', '2026-01-01 00:00:00', '2026-01-01 00:00:00'],"
2005189,89,20051,100,g,01/01/2026,01/01/2026,"[2005189, 89, 20051, 100, 'g', 'admin', 'admin', '2026-01-01 00:00:00', '2026-01-01 00:00:00'],"
2005121,21,20051,100,g,01/01/2026,01/01/2026,"[2005121, 21, 20051, 100, 'g', 'admin', 'admin', '2026-01-01 00:00:00', '2026-01-01 00:00:00'],"
2005136,36,20051,80,ml,01/01/2026,01/01/2026,"[2005136, 36, 20051, 80, 'ml', 'admin', 'admin', '2026-01-01 00:00:00', '2026-01-01 00:00:00'],"
2005190,90,20051,50,g,01/01/2026,01/01/2026,"[2005190, 90, 20051, 50, 'g', 'admin', 'admin', '2026-01-01 00:00:00', '2026-01-01 00:00:00'],"
2005212,12,20052,80,g,01/01/2026,01/01/2026,"[2005212, 12, 20052, 80, 'g', 'admin', 'admin', '2026-01-01 00:00:00', '2026-01-01 00:00:00'],"
2005237,37,20052,120,g,01/01/2026,01/01/2026,"[2005237, 37, 20052, 120, 'g', 'admin', 'admin', '2026-01-01 00:00:00', '2026-01-01 00:00:00'],"
2005248,48,20052,80,g,01/01/2026,01/01/2026,"[2005248, 48, 20052, 80, 'g', 'admin', 'admin', '2026-01-01 00:00:00', '2026-01-01 00:00:00'],"
2005290,90,20052,50,g,01/01/2026,01/01/2026,"[2005290, 90, 20052, 50, 'g', 'admin', 'admin', '2026-01-01 00:00:00', '2026-01-01 00:00:00'],"
2005353,53,20053,150,g,01/01/2026,01/01/2026,"[2005353, 53, 20053, 150, 'g', 'admin', 'admin', '2026-01-01 00:00:00', '2026-01-01 00:00:00'],"
2005336,36,20053,100,ml,01/01/2026,01/01/2026,"[2005336, 36, 20053, 100, 'ml', 'admin', 'admin', '2026-01-01 00:00:00', '2026-01-01 00:00:00'],"
2005348,48,20053,100,g,01/01/2026,01/01/2026,"[2005348, 48, 20053, 100, 'g', 'admin', 'admin', '2026-01-01 00:00:00', '2026-01-01 00:00:00'],"
2005433,33,20054,120,g,01/01/2026,01/01/2026,"[2005433, 33, 20054, 120, 'g', 'admin', 'admin', '2026-01-01 00:00:00', '2026-01-01 00:00:00'],"
2005436,36,20054,80,ml,01/01/2026,01/01/2026,"[2005436, 36, 20054, 80, 'ml', 'admin', 'admin', '2026-01-01 00:00:00', '2026-01-01 00:00:00'],"
2005490,90,20054,40,g,01/01/2026,01/01/2026,"[2005490, 90, 20054, 40, 'g', 'admin', 'admin', '2026-01-01 00:00:00', '2026-01-01 00:00:00'],"
2005541,41,20055,4,pcs,01/01/2026,01/01/2026,"[2005541, 41, 20055, 4, 'pcs', 'admin', 'admin', '2026-01-01 00:00:00', '2026-01-01 00:00:00'],"
2005557,57,20055,100,ml,01/01/2026,01/01/2026,"[2005557, 57, 20055, 100, 'ml', 'admin', 'admin', '2026-01-01 00:00:00', '2026-01-01 00:00:00'],"
2005590,90,20055,80,g,01/01/2026,01/01/2026,"[2005590, 90, 20055, 80, 'g', 'admin', 'admin', '2026-01-01 00:00:00', '2026-01-01 00:00:00'],"
2005626,26,20056,250,g,01/01/2026,01/01/2026,"[2005626, 26, 20056, 250, 'g', 'admin', 'admin', '2026-01-01 00:00:00', '2026-01-01 00:00:00'],"
2005679,79,20056,150,g,01/01/2026,01/01/2026,"[2005679, 79, 20056, 150, 'g', 'admin', 'admin', '2026-01-01 00:00:00', '2026-01-01 00:00:00'],"
2005681,81,20056,30,ml,01/01/2026,01/01/2026,"[2005681, 81, 20056, 30, 'ml', 'admin', 'admin', '2026-01-01 00:00:00', '2026-01-01 00:00:00'],"
2005726,26,20057,200,g,01/01/2026,01/01/2026,"[2005726, 26, 20057, 200, 'g', 'admin', 'admin', '2026-01-01 00:00:00', '2026-01-01 00:00:00'],"
2005715,15,20057,50,g,01/01/2026,01/01/2026,"[2005715, 15, 20057, 50, 'g', 'admin', 'admin', '2026-01-01 00:00:00', '2026-01-01 00:00:00'],"
2005764,64,20057,80,ml,01/01/2026,01/01/2026,"[2005764, 64, 20057, 80, 'ml', 'admin', 'admin', '2026-01-01 00:00:00', '2026-01-01 00:00:00'],"
2005810,10,20058,150,g,01/01/2026,01/01/2026,"[2005810, 10, 20058, 150, 'g', 'admin', 'admin', '2026-01-01 00:00:00', '2026-01-01 00:00:00'],"
2005818,18,20058,1,pcs,01/01/2026,01/01/2026,"[2005818, 18, 20058, 1, 'pcs', 'admin', 'admin', '2026-01-01 00:00:00', '2026-01-01 00:00:00'],"
2005823,23,20058,1,pcs,01/01/2026,01/01/2026,"[2005823, 23, 20058, 1, 'pcs', 'admin', 'admin', '2026-01-01 00:00:00', '2026-01-01 00:00:00'],"
2005845,45,20058,150,g,01/01/2026,01/01/2026,"[2005845, 45, 20058, 150, 'g', 'admin', 'admin', '2026-01-01 00:00:00', '2026-01-01 00:00:00'],"
2005886,86,20058,250,ml,01/01/2026,01/01/2026,"[2005886, 86, 20058, 250, 'ml', 'admin', 'admin', '2026-01-01 00:00:00', '2026-01-01 00:00:00'],"
2005926,26,20059,150,g,01/01/2026,01/01/2026,"[2005926, 26, 20059, 150, 'g', 'admin', 'admin', '2026-01-01 00:00:00', '2026-01-01 00:00:00'],"
2005997,97,20059,1,pcs,01/01/2026,01/01/2026,"[2005997, 97, 20059, 1, 'pcs', 'admin', 'admin', '2026-01-01 00:00:00', '2026-01-01 00:00:00'],"
2005955,55,20059,20,g,01/01/2026,01/01/2026,"[2005955, 55, 20059, 20, 'g', 'admin', 'admin', '2026-01-01 00:00:00', '2026-01-01 00:00:00'],"
2005952,52,20059,20,g,01/01/2026,01/01/2026,"[2005952, 52, 20059, 20, 'g', 'admin', 'admin', '2026-01-01 00:00:00', '2026-01-01 00:00:00'],"
200605,5,20060,2,pcs,01/01/2026,01/01/2026,"[200605, 5, 20060, 2, 'pcs', 'admin', 'admin', '2026-01-01 00:00:00', '2026-01-01 00:00:00'],"
2006040,40,20060,1,pcs,01/01/2026,01/01/2026,"[2006040, 40, 20060, 1, 'pcs', 'admin', 'admin', '2026-01-01 00:00:00', '2026-01-01 00:00:00'],"
2006014,14,20060,2,slices,01/01/2026,01/01/2026,"[2006014, 14, 20060, 2, 'slices', 'admin', 'admin', '2026-01-01 00:00:00', '2026-01-01 00:00:00'],"
2006126,26,20061,200,g,01/01/2026,01/01/2026,"[2006126, 26, 20061, 200, 'g', 'admin', 'admin', '2026-01-01 00:00:00', '2026-01-01 00:00:00'],"
200614,4,20061,50,ml,01/01/2026,01/01/2026,"[200614, 4, 20061, 50, 'ml', 'admin', 'admin', '2026-01-01 00:00:00', '2026-01-01 00:00:00'],"
2006190,90,20061,20,g,01/01/2026,01/01/2026,"[2006190, 90, 20061, 20, 'g', 'admin', 'admin', '2026-01-01 00:00:00', '2026-01-01 00:00:00'],"
2006274,74,20062,200,g,01/01/2026,01/01/2026,"[2006274, 74, 20062, 200, 'g', 'admin', 'admin', '2026-01-01 00:00:00', '2026-01-01 00:00:00'],"
200624,4,20062,50,ml,01/01/2026,01/01/2026,"[200624, 4, 20062, 50, 'ml', 'admin', 'admin', '2026-01-01 00:00:00', '2026-01-01 00:00:00'],"
2006287,87,20062,20,ml,01/01/2026,01/01/2026,"[2006287, 87, 20062, 20, 'ml', 'admin', 'admin', '2026-01-01 00:00:00', '2026-01-01 00:00:00'],"
2006349,49,20063,150,g,01/01/2026,01/01/2026,"[2006349, 49, 20063, 150, 'g', 'admin', 'admin', '2026-01-01 00:00:00', '2026-01-01 00:00:00'],"
20063103,103,20063,1,pcs,01/01/2026,01/01/2026,"[20063103, 103, 20063, 1, 'pcs', 'admin', 'admin', '2026-01-01 00:00:00', '2026-01-01 00:00:00'],"
2006322,22,20063,30,g,01/01/2026,01/01/2026,"[2006322, 22, 20063, 30, 'g', 'admin', 'admin', '2026-01-01 00:00:00', '2026-01-01 00:00:00'],"
2006474,74,20064,200,g,01/01/2026,01/01/2026,"[2006474, 74, 20064, 200, 'g', 'admin', 'admin', '2026-01-01 00:00:00', '2026-01-01 00:00:00'],"
2006465,65,20064,50,g,01/01/2026,01/01/2026,"[2006465, 65, 20064, 50, 'g', 'admin', 'admin', '2026-01-01 00:00:00', '2026-01-01 00:00:00'],"
2006430,30,20064,5,g,01/01/2026,01/01/2026,"[2006430, 30, 20064, 5, 'g', 'admin', 'admin', '2026-01-01 00:00:00', '2026-01-01 00:00:00'],"
2006526,26,20065,200,g,01/01/2026,01/01/2026,"[2006526, 26, 20065, 200, 'g', 'admin', 'admin', '2026-01-01 00:00:00', '2026-01-01 00:00:00'],"
2006547,47,20065,20,g,01/01/2026,01/01/2026,"[2006547, 47, 20065, 20, 'g', 'admin', 'admin', '2026-01-01 00:00:00', '2026-01-01 00:00:00'],"
20065101,101,20065,100,g,01/01/2026,01/01/2026,"[20065101, 101, 20065, 100, 'g', 'admin', 'admin', '2026-01-01 00:00:00', '2026-01-01 00:00:00'],"
2006668,68,20066,200,g,01/01/2026,01/01/2026,"[2006668, 68, 20066, 200, 'g', 'admin', 'admin', '2026-01-01 00:00:00', '2026-01-01 00:00:00'],"
2006682,82,20066,150,g,01/01/2026,01/01/2026,"[2006682, 82, 20066, 150, 'g', 'admin', 'admin', '2026-01-01 00:00:00', '2026-01-01 00:00:00'],"
2006636,36,20066,80,ml,01/01/2026,01/01/2026,"[2006636, 36, 20066, 80, 'ml', 'admin', 'admin', '2026-01-01 00:00:00', '2026-01-01 00:00:00'],"
2006768,68,20067,150,g,01/01/2026,01/01/2026,"[2006768, 68, 20067, 150, 'g', 'admin', 'admin', '2026-01-01 00:00:00', '2026-01-01 00:00:00'],"
2006760,60,20067,100,g,01/01/2026,01/01/2026,"[2006760, 60, 20067, 100, 'g', 'admin', 'admin', '2026-01-01 00:00:00', '2026-01-01 00:00:00'],"
2006736,36,20067,80,ml,01/01/2026,01/01/2026,"[2006736, 36, 20067, 80, 'ml', 'admin', 'admin', '2026-01-01 00:00:00', '2026-01-01 00:00:00'],"
2006868,68,20068,150,g,01/01/2026,01/01/2026,"[2006868, 68, 20068, 150, 'g', 'admin', 'admin', '2026-01-01 00:00:00', '2026-01-01 00:00:00'],"
2006896,96,20068,100,g,01/01/2026,01/01/2026,"[2006896, 96, 20068, 100, 'g', 'admin', 'admin', '2026-01-01 00:00:00', '2026-01-01 00:00:00'],"
2006830,30,20068,5,g,01/01/2026,01/01/2026,"[2006830, 30, 20068, 5, 'g', 'admin', 'admin', '2026-01-01 00:00:00', '2026-01-01 00:00:00'],"
2006968,68,20069,150,g,01/01/2026,01/01/2026,"[2006968, 68, 20069, 150, 'g', 'admin', 'admin', '2026-01-01 00:00:00', '2026-01-01 00:00:00'],"
2006926,26,20069,100,g,01/01/2026,01/01/2026,"[2006926, 26, 20069, 100, 'g', 'admin', 'admin', '2026-01-01 00:00:00', '2026-01-01 00:00:00'],"
2006972,72,20069,50,g,01/01/2026,01/01/2026,"[2006972, 72, 20069, 50, 'g', 'admin', 'admin', '2026-01-01 00:00:00', '2026-01-01 00:00:00'],"
2007068,68,20070,150,g,01/01/2026,01/01/2026,"[2007068, 68, 20070, 150, 'g', 'admin', 'admin', '2026-01-01 00:00:00', '2026-01-01 00:00:00'],"
2007023,23,20070,100,g,01/01/2026,01/01/2026,"[2007023, 23, 20070, 100, 'g', 'admin', 'admin', '2026-01-01 00:00:00', '2026-01-01 00:00:00'],"
2007096,96,20070,80,g,01/01/2026,01/01/2026,"[2007096, 96, 20070, 80, 'g', 'admin', 'admin', '2026-01-01 00:00:00', '2026-01-01 00:00:00'],"
2007185,85,20071,150,g,01/01/2026,01/01/2026,"[2007185, 85, 20071, 150, 'g', 'admin', 'admin', '2026-01-01 00:00:00', '2026-01-01 00:00:00'],"
200718,8,20071,50,g,01/01/2026,01/01/2026,"[200718, 8, 20071, 50, 'g', 'admin', 'admin', '2026-01-01 00:00:00', '2026-01-01 00:00:00'],"
2007164,64,20071,100,ml,01/01/2026,01/01/2026,"[2007164, 64, 20071, 100, 'ml', 'admin', 'admin', '2026-01-01 00:00:00', '2026-01-01 00:00:00'],"
2007226,26,20072,200,g,01/01/2026,01/01/2026,"[2007226, 26, 20072, 200, 'g', 'admin', 'admin', '2026-01-01 00:00:00', '2026-01-01 00:00:00'],"
2007294,94,20072,50,ml,01/01/2026,01/01/2026,"[2007294, 94, 20072, 50, 'ml', 'admin', 'admin', '2026-01-01 00:00:00', '2026-01-01 00:00:00'],"
2007279,79,20072,150,g,01/01/2026,01/01/2026,"[2007279, 79, 20072, 150, 'g', 'admin', 'admin', '2026-01-01 00:00:00', '2026-01-01 00:00:00'],"
200739,9,20073,200,g,01/01/2026,01/01/2026,"[200739, 9, 20073, 200, 'g', 'admin', 'admin', '2026-01-01 00:00:00', '2026-01-01 00:00:00'],"
20073104,104,20073,50,ml,01/01/2026,01/01/2026,"[20073104, 104, 20073, 50, 'ml', 'admin', 'admin', '2026-01-01 00:00:00', '2026-01-01 00:00:00'],"
2007384,84,20073,10,g,01/01/2026,01/01/2026,"[2007384, 84, 20073, 10, 'g', 'admin', 'admin', '2026-01-01 00:00:00', '2026-01-01 00:00:00'],"
2007479,79,20074,150,g,01/01/2026,01/01/2026,"[2007479, 79, 20074, 150, 'g', 'admin', 'admin', '2026-01-01 00:00:00', '2026-01-01 00:00:00'],"
2007463,63,20074,2,pcs,01/01/2026,01/01/2026,"[2007463, 63, 20074, 2, 'pcs', 'admin', 'admin', '2026-01-01 00:00:00', '2026-01-01 00:00:00'],"
2007442,42,20074,100,g,01/01/2026,01/01/2026,"[2007442, 42, 20074, 100, 'g', 'admin', 'admin', '2026-01-01 00:00:00', '2026-01-01 00:00:00'],"
2007526,26,20075,200,g,01/01/2026,01/01/2026,"[2007526, 26, 20075, 200, 'g', 'admin', 'admin', '2026-01-01 00:00:00', '2026-01-01 00:00:00'],"
2007515,15,20075,50,g,01/01/2026,01/01/2026,"[2007515, 15, 20075, 50, 'g', 'admin', 'admin', '2026-01-01 00:00:00', '2026-01-01 00:00:00'],"
2007564,64,20075,100,ml,01/01/2026,01/01/2026,"[2007564, 64, 20075, 100, 'ml', 'admin', 'admin', '2026-01-01 00:00:00', '2026-01-01 00:00:00'],"
2007666,66,20076,80,g,01/01/2026,01/01/2026,"[2007666, 66, 20076, 80, 'g', 'admin', 'admin', '2026-01-01 00:00:00', '2026-01-01 00:00:00'],"
2007637,37,20076,120,g,01/01/2026,01/01/2026,"[2007637, 37, 20076, 120, 'g', 'admin', 'admin', '2026-01-01 00:00:00', '2026-01-01 00:00:00'],"
2007690,90,20076,50,g,01/01/2026,01/01/2026,"[2007690, 90, 20076, 50, 'g', 'admin', 'admin', '2026-01-01 00:00:00', '2026-01-01 00:00:00'],"
2007799,99,20077,120,g,01/01/2026,01/01/2026,"[2007799, 99, 20077, 120, 'g', 'admin', 'admin', '2026-01-01 00:00:00', '2026-01-01 00:00:00'],"
2007743,43,20077,100,g,01/01/2026,01/01/2026,"[2007743, 43, 20077, 100, 'g', 'admin', 'admin', '2026-01-01 00:00:00', '2026-01-01 00:00:00'],"
2007790,90,20077,80,g,01/01/2026,01/01/2026,"[2007790, 90, 20077, 80, 'g', 'admin', 'admin', '2026-01-01 00:00:00', '2026-01-01 00:00:00'],"
2007833,33,20078,150,g,01/01/2026,01/01/2026,"[2007833, 33, 20078, 150, 'g', 'admin', 'admin', '2026-01-01 00:00:00', '2026-01-01 00:00:00'],"
2007843,43,20078,80,g,01/01/2026,01/01/2026,"[2007843, 43, 20078, 80, 'g', 'admin', 'admin', '2026-01-01 00:00:00', '2026-01-01 00:00:00'],"
2007840,40,20078,1,pcs,01/01/2026,01/01/2026,"[2007840, 40, 20078, 1, 'pcs', 'admin', 'admin', '2026-01-01 00:00:00', '2026-01-01 00:00:00'],"
2007936,36,20079,100,ml,01/01/2026,01/01/2026,"[2007936, 36, 20079, 100, 'ml', 'admin', 'admin', '2026-01-01 00:00:00', '2026-01-01 00:00:00'],"
2007941,41,20079,3,pcs,01/01/2026,01/01/2026,"[2007941, 41, 20079, 3, 'pcs', 'admin', 'admin', '2026-01-01 00:00:00', '2026-01-01 00:00:00'],"
2007990,90,20079,80,g,01/01/2026,01/01/2026,"[2007990, 90, 20079, 80, 'g', 'admin', 'admin', '2026-01-01 00:00:00', '2026-01-01 00:00:00'],"
2008059,59,20080,200,g,01/01/2026,01/01/2026,"[2008059, 59, 20080, 200, 'g', 'admin', 'admin', '2026-01-01 00:00:00', '2026-01-01 00:00:00'],"
2008036,36,20080,80,ml,01/01/2026,01/01/2026,"[2008036, 36, 20080, 80, 'ml', 'admin', 'admin', '2026-01-01 00:00:00', '2026-01-01 00:00:00'],"
2008129,29,20081,200,g,01/01/2026,01/01/2026,"[2008129, 29, 20081, 200, 'g', 'admin', 'admin', '2026-01-01 00:00:00', '2026-01-01 00:00:00'],"
2008132,32,20081,50,g,01/01/2026,01/01/2026,"[2008132, 32, 20081, 50, 'g', 'admin', 'admin', '2026-01-01 00:00:00', '2026-01-01 00:00:00'],"
2008164,64,20081,80,ml,01/01/2026,01/01/2026,"[2008164, 64, 20081, 80, 'ml', 'admin', 'admin', '2026-01-01 00:00:00', '2026-01-01 00:00:00'],"
2008229,29,20082,200,g,01/01/2026,01/01/2026,"[2008229, 29, 20082, 200, 'g', 'admin', 'admin', '2026-01-01 00:00:00', '2026-01-01 00:00:00'],"
2008217,17,20082,50,g,01/01/2026,01/01/2026,"[2008217, 17, 20082, 50, 'g', 'admin', 'admin', '2026-01-01 00:00:00', '2026-01-01 00:00:00'],"
2008220,20,20082,20,g,01/01/2026,01/01/2026,"[2008220, 20, 20082, 20, 'g', 'admin', 'admin', '2026-01-01 00:00:00', '2026-01-01 00:00:00'],"
2008326,26,20083,200,g,01/01/2026,01/01/2026,"[2008326, 26, 20083, 200, 'g', 'admin', 'admin', '2026-01-01 00:00:00', '2026-01-01 00:00:00'],"
2008315,15,20083,50,g,01/01/2026,01/01/2026,"[2008315, 15, 20083, 50, 'g', 'admin', 'admin', '2026-01-01 00:00:00', '2026-01-01 00:00:00'],"
2008364,64,20083,80,ml,01/01/2026,01/01/2026,"[2008364, 64, 20083, 80, 'ml', 'admin', 'admin', '2026-01-01 00:00:00', '2026-01-01 00:00:00'],"
2008440,40,20084,2,pcs,01/01/2026,01/01/2026,"[2008440, 40, 20084, 2, 'pcs', 'admin', 'admin', '2026-01-01 00:00:00', '2026-01-01 00:00:00'],"
200845,5,20084,2,pcs,01/01/2026,01/01/2026,"[200845, 5, 20084, 2, 'pcs', 'admin', 'admin', '2026-01-01 00:00:00', '2026-01-01 00:00:00'],"
2008414,14,20084,2,slices,01/01/2026,01/01/2026,"[2008414, 14, 20084, 2, 'slices', 'admin', 'admin', '2026-01-01 00:00:00', '2026-01-01 00:00:00'],"
2008420,20,20084,20,g,01/01/2026,01/01/2026,"[2008420, 20, 20084, 20, 'g', 'admin', 'admin', '2026-01-01 00:00:00', '2026-01-01 00:00:00'],"
2008511,11,20085,200,g,01/01/2026,01/01/2026,"[2008511, 11, 20085, 200, 'g', 'admin', 'admin', '2026-01-01 00:00:00', '2026-01-01 00:00:00'],"
2008540,40,20085,2,pcs,01/01/2026,01/01/2026,"[2008540, 40, 20085, 2, 'pcs', 'admin', 'admin', '2026-01-01 00:00:00', '2026-01-01 00:00:00'],"
2008520,20,20085,20,g,01/01/2026,01/01/2026,"[2008520, 20, 20085, 20, 'g', 'admin', 'admin', '2026-01-01 00:00:00', '2026-01-01 00:00:00'],"
2008679,79,20086,150,g,01/01/2026,01/01/2026,"[2008679, 79, 20086, 150, 'g', 'admin', 'admin', '2026-01-01 00:00:00', '2026-01-01 00:00:00'],"
2008626,26,20086,100,g,01/01/2026,01/01/2026,"[2008626, 26, 20086, 100, 'g', 'admin', 'admin', '2026-01-01 00:00:00', '2026-01-01 00:00:00'],"
2008647,47,20086,20,g,01/01/2026,01/01/2026,"[2008647, 47, 20086, 20, 'g', 'admin', 'admin', '2026-01-01 00:00:00', '2026-01-01 00:00:00'],"
200879,9,20087,250,g,01/01/2026,01/01/2026,"[200879, 9, 20087, 250, 'g', 'admin', 'admin', '2026-01-01 00:00:00', '2026-01-01 00:00:00'],"
2008713,13,20087,100,g,01/01/2026,01/01/2026,"[2008713, 13, 20087, 100, 'g', 'admin', 'admin', '2026-01-01 00:00:00', '2026-01-01 00:00:00'],"
20087101,101,20087,100,g,01/01/2026,01/01/2026,"[20087101, 101, 20087, 100, 'g', 'admin', 'admin', '2026-01-01 00:00:00', '2026-01-01 00:00:00'],"
200889,9,20088,250,g,01/01/2026,01/01/2026,"[200889, 9, 20088, 250, 'g', 'admin', 'admin', '2026-01-01 00:00:00', '2026-01-01 00:00:00'],"
2008878,78,20088,100,g,01/01/2026,01/01/2026,"[2008878, 78, 20088, 100, 'g', 'admin', 'admin', '2026-01-01 00:00:00', '2026-01-01 00:00:00'],"
20088101,101,20088,100,g,01/01/2026,01/01/2026,"[20088101, 101, 20088, 100, 'g', 'admin', 'admin', '2026-01-01 00:00:00', '2026-01-01 00:00:00'],"
2008974,74,20089,200,g,01/01/2026,01/01/2026,"[2008974, 74, 20089, 200, 'g', 'admin', 'admin', '2026-01-01 00:00:00', '2026-01-01 00:00:00'],"
2008990,90,20089,50,g,01/01/2026,01/01/2026,"[2008990, 90, 20089, 50, 'g', 'admin', 'admin', '2026-01-01 00:00:00', '2026-01-01 00:00:00'],"
2008946,46,20089,10,g,01/01/2026,01/01/2026,"[2008946, 46, 20089, 10, 'g', 'admin', 'admin', '2026-01-01 00:00:00', '2026-01-01 00:00:00'],"
2009074,74,20090,200,g,01/01/2026,01/01/2026,"[2009074, 74, 20090, 200, 'g', 'admin', 'admin', '2026-01-01 00:00:00', '2026-01-01 00:00:00'],"
2009046,46,20090,15,g,01/01/2026,01/01/2026,"[2009046, 46, 20090, 15, 'g', 'admin', 'admin', '2026-01-01 00:00:00', '2026-01-01 00:00:00'],"
2009088,88,20090,10,g,01/01/2026,01/01/2026,"[2009088, 88, 20090, 10, 'g', 'admin', 'admin', '2026-01-01 00:00:00', '2026-01-01 00:00:00'],"
2009168,68,20091,150,g,01/01/2026,01/01/2026,"[2009168, 68, 20091, 150, 'g', 'admin', 'admin', '2026-01-01 00:00:00', '2026-01-01 00:00:00'],"
20091101,101,20091,120,g,01/01/2026,01/01/2026,"[20091101, 101, 20091, 120, 'g', 'admin', 'admin', '2026-01-01 00:00:00', '2026-01-01 00:00:00'],"
2009196,96,20091,80,g,01/01/2026,01/01/2026,"[2009196, 96, 20091, 80, 'g', 'admin', 'admin', '2026-01-01 00:00:00', '2026-01-01 00:00:00'],"
2009268,68,20092,150,g,01/01/2026,01/01/2026,"[2009268, 68, 20092, 150, 'g', 'admin', 'admin', '2026-01-01 00:00:00', '2026-01-01 00:00:00'],"
2009236,36,20092,100,ml,01/01/2026,01/01/2026,"[2009236, 36, 20092, 100, 'ml', 'admin', 'admin', '2026-01-01 00:00:00', '2026-01-01 00:00:00'],"
200925,5,20092,50,g,01/01/2026,01/01/2026,"[200925, 5, 20092, 50, 'g', 'admin', 'admin', '2026-01-01 00:00:00', '2026-01-01 00:00:00'],"
2009368,68,20093,150,g,01/01/2026,01/01/2026,"[2009368, 68, 20093, 150, 'g', 'admin', 'admin', '2026-01-01 00:00:00', '2026-01-01 00:00:00'],"
2009326,26,20093,120,g,01/01/2026,01/01/2026,"[2009326, 26, 20093, 120, 'g', 'admin', 'admin', '2026-01-01 00:00:00', '2026-01-01 00:00:00'],"
2009336,36,20093,80,ml,01/01/2026,01/01/2026,"[2009336, 36, 20093, 80, 'ml', 'admin', 'admin', '2026-01-01 00:00:00', '2026-01-01 00:00:00'],"
2009468,68,20094,150,g,01/01/2026,01/01/2026,"[2009468, 68, 20094, 150, 'g', 'admin', 'admin', '2026-01-01 00:00:00', '2026-01-01 00:00:00'],"
2009482,82,20094,150,g,01/01/2026,01/01/2026,"[2009482, 82, 20094, 150, 'g', 'admin', 'admin', '2026-01-01 00:00:00', '2026-01-01 00:00:00'],"
2009436,36,20094,80,ml,01/01/2026,01/01/2026,"[2009436, 36, 20094, 80, 'ml', 'admin', 'admin', '2026-01-01 00:00:00', '2026-01-01 00:00:00'],"
2009568,68,20095,150,g,01/01/2026,01/01/2026,"[2009568, 68, 20095, 150, 'g', 'admin', 'admin', '2026-01-01 00:00:00', '2026-01-01 00:00:00'],"
2009526,26,20095,100,g,01/01/2026,01/01/2026,"[2009526, 26, 20095, 100, 'g', 'admin', 'admin', '2026-01-01 00:00:00', '2026-01-01 00:00:00'],"
2009572,72,20095,50,g,01/01/2026,01/01/2026,"[2009572, 72, 20095, 50, 'g', 'admin', 'admin', '2026-01-01 00:00:00', '2026-01-01 00:00:00'],"
2009679,79,20096,150,g,01/01/2026,01/01/2026,"[2009679, 79, 20096, 150, 'g', 'admin', 'admin', '2026-01-01 00:00:00', '2026-01-01 00:00:00'],"
2009685,85,20096,100,g,01/01/2026,01/01/2026,"[2009685, 85, 20096, 100, 'g', 'admin', 'admin', '2026-01-01 00:00:00', '2026-01-01 00:00:00'],"
2009663,63,20096,1,pcs,01/01/2026,01/01/2026,"[2009663, 63, 20096, 1, 'pcs', 'admin', 'admin', '2026-01-01 00:00:00', '2026-01-01 00:00:00'],"
2009779,79,20097,150,g,01/01/2026,01/01/2026,"[2009779, 79, 20097, 150, 'g', 'admin', 'admin', '2026-01-01 00:00:00', '2026-01-01 00:00:00'],"
2009735,35,20097,100,g,01/01/2026,01/01/2026,"[2009735, 35, 20097, 100, 'g', 'admin', 'admin', '2026-01-01 00:00:00', '2026-01-01 00:00:00'],"
200973,3,20097,50,g,01/01/2026,01/01/2026,"[200973, 3, 20097, 50, 'g', 'admin', 'admin', '2026-01-01 00:00:00', '2026-01-01 00:00:00'],"
2009879,79,20098,150,g,01/01/2026,01/01/2026,"[2009879, 79, 20098, 150, 'g', 'admin', 'admin', '2026-01-01 00:00:00', '2026-01-01 00:00:00'],"
2009898,98,20098,100,g,01/01/2026,01/01/2026,"[2009898, 98, 20098, 100, 'g', 'admin', 'admin', '2026-01-01 00:00:00', '2026-01-01 00:00:00'],"
2009831,31,20098,30,g,01/01/2026,01/01/2026,"[2009831, 31, 20098, 30, 'g', 'admin', 'admin', '2026-01-01 00:00:00', '2026-01-01 00:00:00'],"
20099100,100,20099,120,g,01/01/2026,01/01/2026,"[20099100, 100, 20099, 120, 'g', 'admin', 'admin', '2026-01-01 00:00:00', '2026-01-01 00:00:00'],"
2009979,79,20099,150,g,01/01/2026,01/01/2026,"[2009979, 79, 20099, 150, 'g', 'admin', 'admin', '2026-01-01 00:00:00', '2026-01-01 00:00:00'],"
2009981,81,20099,40,ml,01/01/2026,01/01/2026,"[2009981, 81, 20099, 40, 'ml', 'admin', 'admin', '2026-01-01 00:00:00', '2026-01-01 00:00:00'],"
2010062,62,20100,150,g,01/01/2026,01/01/2026,"[2010062, 62, 20100, 150, 'g', 'admin', 'admin', '2026-01-01 00:00:00', '2026-01-01 00:00:00'],"
2010058,58,20100,30,g,01/01/2026,01/01/2026,"[2010058, 58, 20100, 30, 'g', 'admin', 'admin', '2026-01-01 00:00:00', '2026-01-01 00:00:00'],"
2010016,16,20100,200,ml,01/01/2026,01/01/2026,"[2010016, 16, 20100, 200, 'ml', 'admin', 'admin', '2026-01-01 00:00:00', '2026-01-01 00:00:00'],"
2010040,40,20100,1,pcs,01/01/2026,01/01/2026,"[2010040, 40, 20100, 1, 'pcs', 'admin', 'admin', '2026-01-01 00:00:00', '2026-01-01 00:00:00'],"
